tow_id,date,emergency_day,address,neighborhood,community,ward,tow_zone,latitude,longitude
1,2025-12-28,1,3034 CHICAGO AVE S,Central,Powderhorn,9,5,44.9472,-93.26304
2,2025-12-28,1,3329 2ND ST N,McKinley,Camden,4,1,45.01536,-93.2811
3,2025-12-28,1,3717 CHICAGO AVE S,Powderhorn Park,Powderhorn,9,6,44.93542,-93.26221
4,2025-12-28,1,1400 8TH ST SE,Marcy Holmes,University,2,4,44.98422,-93.23261
5,2025-12-28,1,4308 4TH AVE S,Regina,Nokomis,8,5,44.92432,-93.27048
6,2025-12-28,1,1400 8TH ST SE,Marcy Holmes,University,2,4,44.98422,-93.23261
7,2025-12-28,1,1400 8TH ST SE,Marcy Holmes,University,2,4,44.98422,-93.23261
8,2025-12-28,1,3546 4TH AVE S,Central,Powderhorn,8,5,44.93822,-93.27056
9,2025-12-28,1,1323 2ND ST N,Near - North,Near North,5,1,44.99233,-93.28003
10,2025-12-28,1,3308 CHICAGO AVE S,Central,Powderhorn,9,5,44.94278,-93.26297
11,2025-12-28,1,1000 8TH AVE SE,Sumner - Glenwood,Near North,5,1,44.98645,-93.29294
12,2025-12-28,1,2501 2ND ST NORTH,Hawthorne,Near North,5,1,45.00481,-93.281
13,2025-12-28,1,3911 CHICAGO AVE S,Bancroft,Powderhorn,8,6,44.93193,-93.26231
14,2025-12-28,1,629 2ND ST N,North Loop,Central,3,1,44.98798,-93.27524
15,2025-12-28,1,3711 CHICAGO AVE S,Powderhorn Park,Powderhorn,9,6,44.93547,-93.26231
16,2025-12-28,1,4614 CHICAGO AVE S,Field,Nokomis,8,5,44.91918,-93.26298
17,2025-12-28,1,3341 2ND ST N,McKinley,Camden,4,1,45.01616,-93.28148
18,2025-12-28,1,2165 CENTRAL AVE NE,Windom Park,Northeast,1,2,45.00966,-93.24718
19,2025-12-28,1,4236 CHICAGO AVE S,Regina,Nokomis,8,5,44.9258,-93.26291
20,2025-12-28,1,3713 CHICAGO AVE S,Powderhorn Park,Powderhorn,9,6,44.93543,-93.2623
21,2025-12-28,1,3044 HUMBOLDT AVE S,East Bde Maka Ska,Calhoun Isle,10,5,44.94689,-93.30112
22,2025-12-28,1,4843 CHICAGO AVE S,Northrop,Nokomis,11,6,44.91451,-93.26244
23,2025-12-28,1,3812 3RD AVE S,Bryant,Powderhorn,8,5,44.93376,-93.27292
24,2025-12-28,1,1845 CENTRAL AVE NE,Windom Park,Northeast,1,2,45.00756,-93.24718
25,2025-12-28,1,600 8TH ST SE,Marcy Holmes,University,3,4,44.98857,-93.24368
26,2025-12-28,1,525 2ND ST N,North Loop,Central,3,1,44.98713,-93.27407
27,2025-12-28,1,3447 CENTRAL AVE NE,Waite Park,Northeast,1,2,45.03081,-93.2469
28,2025-12-28,1,913 20TH AVE S,Seward,Longfellow,6,4,44.96383,-93.24391
29,2025-12-28,1,5241 CHICAGO AVE.,Hale,Nokomis,11,6,44.90757,-93.26224
30,2025-12-28,1,421 2ND ST. N.,North Loop,Central,3,3,44.98626,-93.27284
31,2025-12-28,1,4714 CHICAGO AVE S,Field,Nokomis,8,5,44.9173,-93.2628
32,2025-12-28,1,3043 HUMBOLDT AVE S,East Bde Maka Ska,Calhoun Isle,10,5,44.94774,-93.30066
33,2025-12-28,1,3308 4TH AV S,Central,Powderhorn,8,5,44.94277,-93.2706
34,2025-12-28,1,765 CENTRAL AVE NE,Nicollet Island - East Bank,University,3,2,44.99153,-93.25132
35,2025-12-28,1,2015 9TH ST S,Seward,Longfellow,6,4,44.96388,-93.24386
36,2025-12-28,1,903 20TH AVE S,Seward,Longfellow,6,4,44.96392,-93.24391
37,2025-12-28,1,3534 3RD AVE S,Central,Powderhorn,8,5,44.93842,-93.27294
38,2025-12-28,1,718 4TH ST SE,Marcy Holmes,University,3,4,44.9837,-93.24482
39,2025-12-28,1,3504 3RD AV S,Central,Powderhorn,8,5,44.93929,-93.27313
40,2025-12-28,1,3911 CHICAGO AVE S,Bancroft,Powderhorn,8,6,44.93193,-93.26231
41,2025-12-28,1,3011 HUMBOLDT AVE S,East Bde Maka Ska,Calhoun Isle,10,5,44.94797,-93.30065
42,2025-12-28,1,6023 CHICAGO AVE S,Diamond Lake,Nokomis,11,6,44.89352,-93.26246
43,2025-12-28,1,504 2ND ST N,North Loop,Central,3,1,44.98715,-93.27357
44,2025-12-28,1,5721 CHICAGO AVE S,Diamond Lake,Nokomis,11,6,44.8989,-93.26237
45,2025-12-28,1,1823 UNIVERSITY AVE NE,Holland,Northeast,1,2,45.00716,-93.26278
46,2025-12-28,1,4241 THOMAS AVE N,Victory,Camden,4,1,45.03274,-93.31379
47,2025-12-28,1,6013 CHICAGO AVE S,Diamond Lake,Nokomis,11,6,44.89379,-93.26246
48,2025-12-29,1,744 CENTRAL AVE NE,Marcy Holmes,University,3,2,44.99129,-93.25107
49,2025-12-29,1,725 UNIVERSITY AVE SE,Marcy Holmes,University,3,4,44.98332,-93.24572
50,2025-12-29,1,3434 3RD AVE S,Central,Powderhorn,8,5,44.94025,-93.27296
51,2025-12-29,1,616 2ND ST,Downtown West,Central,7,3,44.9764,-93.26919
52,2025-12-29,1,2100 2ND ST N,Hawthorne,Near North,5,1,45.00082,-93.27973
53,2025-12-29,1,3838 THOMAS AVE N,Victory,Camden,4,1,45.02519,-93.31308
54,2025-12-29,1,3342 4TH AVE S,Central,Powderhorn,8,5,44.94179,-93.27058
55,2025-12-29,1,2014 DUPONT AVE S,Lowry Hill,Calhoun Isle,7,3,44.96237,-93.29343
56,2025-12-29,1,3104 4TH AVE S,Central,Powderhorn,8,5,44.94637,-93.27064
57,2025-12-29,1,3205 BLOOMINGTON AVE,Powderhorn Park,Powderhorn,9,6,44.94437,-93.2521
58,2025-12-29,1,1818 UNIVERSITY AVE NE,Bottineau,Northeast,1,2,45.00698,-93.2633
59,2025-12-29,1,3039 HUMBOLDT AVE S,East Bde Maka Ska,Calhoun Isle,10,5,44.94705,-93.30048
60,2025-12-29,1,3449 BLOOMINGTON AVE,Powderhorn Park,Powderhorn,9,6,44.93987,-93.25204
61,2025-12-29,1,5405 CHICAGO AVE S,Hale,Nokomis,11,6,44.90497,-93.26228
62,2025-12-29,1,2208 9TH ST S,Seward,Longfellow,6,4,44.96412,-93.24063
63,2025-12-29,1,3827 THOMAS AVE N,Victory,Camden,4,1,45.02493,-93.3138
64,2025-12-29,1,2218 9TH ST S,Seward,Longfellow,6,4,44.96412,-93.24049
65,2025-12-29,1,4031 BLOOMINGTON AVE,Bancroft,Powderhorn,8,6,44.92964,-93.25221
66,2025-12-29,1,3616 BLOOMINGTON AVE,Powderhorn Park,Powderhorn,9,6,44.93698,-93.2528
67,2025-12-29,1,5121 BRYANT AVE N,Lind - Bohanon,Camden,4,1,45.04844,-93.29186
68,2025-12-29,1,3225 BLOOMINGTON AVE,Powderhorn Park,Powderhorn,9,6,44.94387,-93.25208
69,2025-12-29,1,2700 BLOCK 1ST AVE S,North Loop,Central,3,3,44.9844,-93.26841
70,2025-12-29,1,3033 HUMBOLDT AVE S,East Bde Maka Ska,Calhoun Isle,10,5,44.94718,-93.30048
71,2025-12-29,1,3330 BLOOMINGTON AVE,Powderhorn Park,Powderhorn,9,6,44.94195,-93.25285
72,2025-12-29,1,2224 9TH ST S,Seward,Longfellow,6,4,44.96411,-93.24041
73,2025-12-29,1,3831 THOMAS AVE N,Victory,Camden,4,1,45.02504,-93.31381
74,2025-12-29,1,3828 THOMAS AVE N,Victory,Camden,4,1,45.02493,-93.31326
75,2025-12-29,1,4039 BLOOMINGTON AVE,Bancroft,Powderhorn,8,6,44.92956,-93.25221
76,2025-12-29,1,4651 BRYANT AVE N,Lind - Bohanon,Camden,4,1,45.03994,-93.2918
77,2025-12-29,1,2633 1ST AVE S,,,0,0,44.85383,-93.24143
78,2025-12-29,1,1400 8TH ST SE,Marcy Holmes,University,2,4,44.98422,-93.23261
79,2025-12-29,1,2815 LYNDALE AVE N,Hawthorne,Near North,5,1,45.00901,-93.28836
80,2025-12-29,1,3032 HUMBOLDT AVE S,East Bde Maka Ska,Calhoun Isle,10,5,44.94717,-93.3012
81,2025-12-29,1,2403 9TH ST S,Seward,Longfellow,6,4,44.96375,-93.23735
82,2025-12-29,1,2608 1ST AV S,Whittier,Powderhorn,10,3,44.95515,-93.27696
83,2025-12-29,1,1400 8TH ST SE,Marcy Holmes,University,2,4,44.98422,-93.23261
84,2025-12-29,1,4010 BLOOMINGTON AVE,Bancroft,Powderhorn,8,6,44.92982,-93.25326
85,2025-12-29,1,3106 BLOOMINGTON AVE S,Powderhorn Park,Powderhorn,9,6,44.94622,-93.25289
86,2025-12-29,1,3424 BLOOMINGTON AVE S,Powderhorn Park,Powderhorn,9,6,44.94036,-93.25282
87,2025-12-29,1,2227 9TH ST S,Seward,Longfellow,6,4,44.96384,-93.24039
88,2025-12-29,1,2636 1ST AVE S,Whittier,Powderhorn,10,3,44.95422,-93.27697
89,2025-12-29,1,3108 IRVING AVE S,East Bde Maka Ska,Calhoun Isle,10,5,44.94616,-93.3023
90,2025-12-29,1,4036 BLOOMINGTON AVE,Bancroft,Powderhorn,8,6,44.92954,-93.25315
91,2025-12-29,1,2819 LYNDALE AVE N,Hawthorne,Near North,5,1,45.00912,-93.28836
92,2025-12-29,1,4616 BLOOMINGTON AVE,Northrop,Nokomis,11,6,44.91909,-93.25279
93,2025-12-29,1,4729 LYNDALE AVE N,Lind - Bohanon,Camden,4,1,45.04101,-93.28723
94,2025-12-29,1,2625 1ST AVE S,Whittier,Powderhorn,10,3,44.95489,-93.27632
95,2025-12-29,1,3341 BLOOMINGTON AVE.,Powderhorn Park,Powderhorn,9,6,44.94167,-93.25206
96,2025-12-29,1,2213 9TH ST S,Seward,Longfellow,6,4,44.96385,-93.24058
97,2025-12-29,1,2331 9TH ST S,Seward,Longfellow,6,4,44.96383,-93.23896
98,2025-12-29,1,2245 9TH ST S,Seward,Longfellow,6,4,44.96384,-93.24014
99,2025-12-29,1,3811 BLOOMINGTON AVE.,Bancroft,Powderhorn,8,6,44.93367,-93.25219
100,2025-12-29,1,4814 CHICAGO AVE,Field,Nokomis,8,5,44.91558,-93.26304
101,2025-12-29,1,4815 BRYANT AVE N,Lind - Bohanon,Camden,4,1,45.04256,-93.2918
102,2025-12-29,1,2625 1ST AV S,Whittier,Powderhorn,10,3,44.95455,-93.27624
103,2025-12-29,1,4631 BRYANT AVE N,Lind - Bohanon,Camden,4,1,45.0394,-93.29179
104,2025-12-29,1,2207 BLOOMINGTON AVE.,Ventura Village,Phillips,6,3,44.96053,-93.25197
105,2025-12-29,1,3024 HUMBOLDT AVE S,East Bde Maka Ska,Calhoun Isle,10,5,44.94743,-93.3012
106,2025-12-29,1,2645 1ST AVE. S,Whittier,Powderhorn,10,3,44.95398,-93.27624
107,2025-12-29,1,600 8TH ST NE,Elliot Park,Central,6,3,44.97253,-93.26462
108,2025-12-29,1,2745 1ST AVE. S,Whittier,Powderhorn,10,3,44.95286,-93.27639
109,2025-12-29,1,2625 1ST AVE S,Whittier,Powderhorn,10,3,44.95489,-93.27632
110,2025-12-29,1,2329 9TH ST S,Seward,Longfellow,6,4,44.96338,-93.23862
111,2025-12-29,1,2516 42ND AVE. N.,Victory,Camden,4,1,45.03146,-93.31258
112,2025-12-29,1,2233 9TH ST S,Seward,Longfellow,6,4,44.96384,-93.24031
113,2025-12-29,1,2625 1 ST AVE S,Whittier,Powderhorn,10,3,44.95489,-93.27632
114,2025-12-29,1,813 42ND AVE N,Webber - Camden,Camden,4,1,45.03137,-93.28965
115,2025-12-29,1,3014 IRVING AVE S,East Bde Maka Ska,Calhoun Isle,10,5,44.94819,-93.3023
116,2025-12-29,1,817 42ND AVE N,Webber - Camden,Camden,4,1,45.03137,-93.28969
117,2025-12-29,1,1820 1ST AV S,Steven's Square - Loring Heights,Central,6,3,44.96442,-93.27695
118,2025-12-29,1,3209 BLOOMINGTON AVE,Powderhorn Park,Powderhorn,9,6,44.94438,-93.25226
119,2025-12-29,1,3509 BLOOMINGTON AVE,Powderhorn Park,Powderhorn,9,6,44.93919,-93.25203
120,2025-12-29,1,3440 BLOOMINGTON AVE S,Powderhorn Park,Powderhorn,9,6,44.93987,-93.25281
121,2025-12-29,1,1901 1ST AVE S,Steven's Square - Loring Heights,Central,6,3,44.96379,-93.27637
122,2025-12-29,1,2310 9TH ST S,Seward,Longfellow,6,4,44.96409,-93.23925
123,2025-12-29,1,301 10TH AVE N,North Loop,Central,3,1,44.98924,-93.28178
124,2025-12-29,1,305 10TH AVE N,North Loop,Central,3,1,44.98921,-93.28182
125,2025-12-29,1,1905 1ST. AVE. S,Steven's Square - Loring Heights,Central,6,3,44.96366,-93.2762
126,2025-12-29,1,4262 THOMAS AVEN,Victory,Camden,4,1,45.0331,-93.31325
127,2025-12-29,1,1810 1ST AV S,Steven's Square - Loring Heights,Central,6,3,44.96456,-93.27675
128,2025-12-29,1,4358 THOMAS AVEN,Victory,Camden,4,1,45.03508,-93.31328
129,2025-12-29,1,2304 BLOOMINGTON AVE.,Ventura Village,Phillips,6,3,44.95977,-93.25251
130,2025-12-29,1,1905 1ST AVE S,Steven's Square - Loring Heights,Central,6,3,44.96366,-93.2762
131,2025-12-29,1,3632 BLOOMINGTON AVE,Powderhorn Park,Powderhorn,9,6,44.9365,-93.25279
132,2025-12-29,1,1815 1ST AVE S,Steven's Square - Loring Heights,Central,6,3,44.96456,-93.2762
133,2025-12-29,1,1755 1ST AVE. S,Steven's Square - Loring Heights,Central,6,3,44.96562,-93.27635
134,2025-12-29,1,2302 BLOOMINGTON AVE.,Ventura Village,Phillips,6,3,44.95983,-93.25251
135,2025-12-29,1,257 10TH AVE N,North Loop,Central,3,1,44.99006,-93.28068
136,2025-12-29,1,261 10TH AVE N,North Loop,Central,3,1,44.99001,-93.28075
137,2025-12-29,1,259 10TH AVE. N.,North Loop,Central,3,1,44.99004,-93.28071
138,2025-12-29,1,2221 BLOOMINGTON AVE.,Ventura Village,Phillips,6,3,44.96011,-93.25197
139,2025-12-29,1,2126 31ST ST E,Corcoran,Powderhorn,9,6,44.94667,-93.24198
140,2025-12-29,1,1909 1ST AVE S,Steven's Square - Loring Heights,Central,6,3,44.96353,-93.27621
141,2025-12-29,1,1921 1ST AV S,Steven's Square - Loring Heights,Central,6,3,44.96311,-93.2762
142,2025-12-29,1,1810 1ST AVE S,Steven's Square - Loring Heights,Central,6,3,44.96456,-93.27675
143,2025-12-29,1,2119 31ST ST E,Corcoran,Powderhorn,9,6,44.94641,-93.24202
144,2025-12-29,1,2221 31ST ST E,Corcoran,Powderhorn,9,6,44.9464,-93.24027
145,2025-12-29,1,807 42ND AVE N,Webber - Camden,Camden,4,1,45.03137,-93.2896
146,2025-12-29,1,2224 31ST ST E,Corcoran,Powderhorn,9,6,44.94668,-93.24026
147,2025-12-29,1,1815 1ST AVE. S,Steven's Square - Loring Heights,Central,6,3,44.96456,-93.2762
148,2025-12-29,1,1756 1ST AVE S,Steven's Square - Loring Heights,Central,6,3,44.96561,-93.27674
149,2025-12-29,1,2213 31ST ST E,Corcoran,Powderhorn,9,6,44.94642,-93.24035
150,2025-12-29,1,1921 1ST AVE S,Steven's Square - Loring Heights,Central,6,3,44.96311,-93.2762
151,2025-12-29,1,2223 31ST ST E,Corcoran,Powderhorn,9,6,44.94642,-93.24028
152,2025-12-29,1,4362 THOMAS AVE N,Victory,Camden,4,1,45.03519,-93.31329
153,2025-12-29,1,2312 1ST AVE S,Whittier,Powderhorn,10,3,44.95995,-93.27668
154,2025-12-29,1,4360 THOMAS AVE N,Victory,Camden,4,1,45.03516,-93.31347
155,2025-12-29,1,3205 BLOOMINGTON AVE,Powderhorn Park,Powderhorn,9,6,44.94437,-93.2521
156,2025-12-29,1,4033 BLOOMINGTON AVE S,Bancroft,Powderhorn,8,6,44.92954,-93.25221
157,2025-12-29,1,2209 31ST ST E,Corcoran,Powderhorn,9,6,44.94642,-93.24038
158,2025-12-29,1,2105 1ST AVE S,Whittier,Powderhorn,10,3,44.96152,-93.27616
159,2025-12-29,2,130 14TH ST W,Loring Park,Central,7,3,44.96892,-93.2799
160,2025-12-29,2,1710 LYN PARK AVE N,Near - North,Near North,5,1,44.99706,-93.28597
161,2025-12-29,2,128 14TH ST W,Loring Park,Central,7,3,44.96892,-93.27988
162,2025-12-29,2,126 14TH ST W,Loring Park,Central,7,3,44.96892,-93.27986
163,2025-12-29,2,3954 14TH AVE S,Bancroft,Powderhorn,8,6,44.93076,-93.25529
164,2025-12-29,2,3630 PLEASANT AVE,King Field,Southwest,8,5,44.93674,-93.28325
165,2025-12-29,2,3024 KNOX AVE S,East Bde Maka Ska,Calhoun Isle,10,5,44.94744,-93.30503
166,2025-12-29,2,1106 FREMONT AVE N,Near - North,Near North,5,1,44.98915,-93.29544
167,2025-12-29,2,1402 SPRUCE PLACE,Loring Park,Central,7,3,44.96863,-93.28101
168,2025-12-29,2,116 14TH ST W,Loring Park,Central,7,3,44.96891,-93.27961
169,2025-12-29,2,514 LYN PARK LA N,Near - North,Near North,5,1,44.99605,-93.28708
170,2025-12-29,2,1208 FREMONT AVE N,Near - North,Near North,5,1,44.9901,-93.29443
171,2025-12-29,2,800 ALDRICH AVE N,Sumner - Glenwood,Near North,5,1,44.98642,-93.29069
172,2025-12-29,2,118 14TH ST W,Loring Park,Central,7,3,44.96891,-93.27962
173,2025-12-29,2,1212 FREMONT AVE N,Near - North,Near North,5,1,44.9901,-93.29445
174,2025-12-29,2,1212 MAIN ST NE,Sheridan,Northeast,3,2,45.00022,-93.26794
175,2025-12-29,2,1408 SPRUCE PLACE,Loring Park,Central,7,3,44.9685,-93.28115
176,2025-12-29,2,3528 PLEASANT AVE,Lyndale,Powderhorn,8,5,44.93851,-93.28344
177,2025-12-29,2,1306 SPRUCE PLACE,Loring Park,Central,7,3,44.96968,-93.28101
178,2025-12-29,2,1070 13TH AVE SE,Como,University,1,4,44.99001,-93.23292
179,2025-12-29,2,1220 BROOK AVE SE,Como,University,2,4,44.98656,-93.23395
180,2025-12-29,2,1212 MAIN ST NE,Sheridan,Northeast,3,2,45.00022,-93.26794
181,2025-12-29,2,1316 41ST ST E,Bancroft,Powderhorn,8,6,44.92886,-93.25592
182,2025-12-29,2,1208 MAIN ST NE,Sheridan,Northeast,3,2,45,-93.26785
183,2025-12-29,2,1534 41ST ST E,Bancroft,Powderhorn,8,6,44.92885,-93.25293
184,2025-12-29,2,2832 GIRARD AV S,Lowry Hill East,Calhoun Isle,10,3,44.95083,-93.29734
185,2025-12-29,2,3521 PLEASANT AVE,Lyndale,Powderhorn,8,5,44.93888,-93.28253
186,2025-12-29,2,2828 GIRARD AVE S,Lowry Hill East,Calhoun Isle,10,3,44.95095,-93.29734
187,2025-12-29,2,1836 BRYANT AVE N,Near - North,Near North,5,1,44.99859,-93.29058
188,2025-12-29,2,3018 - 4TH ST N,Hawthorne,Near North,5,1,45.01136,-93.28444
189,2025-12-29,2,1220 MAIN ST NE,Sheridan,Northeast,3,2,45.00023,-93.26786
190,2025-12-29,2,2102 - 4TH ST N,Hawthorne,Near North,5,1,45.00039,-93.28474
191,2025-12-29,2,1818 BRYANT AVE N,Near - North,Near North,5,1,44.998,-93.29068
192,2025-12-29,2,1824 DUPONT AVE N,Near - North,Near North,5,1,44.99812,-93.29238
193,2025-12-29,2,1814 DUPONT AVE N,Near - North,Near North,5,1,44.9979,-93.29213
194,2025-12-29,2,4958 ELLIOT AVE S,Northrop,Nokomis,11,6,44.91214,-93.26156
195,2025-12-29,2,1220 BROOK AVE SE,Como,University,2,4,44.98656,-93.23395
196,2025-12-29,2,3506 - 12TH AVE S,Powderhorn Park,Powderhorn,9,6,44.93934,-93.25768
197,2025-12-29,2,2800 GIRARD AVE S,Lowry Hill East,Calhoun Isle,10,3,44.95153,-93.29733
198,2025-12-29,2,2806 GIRARD AV S,Lowry Hill East,Calhoun Isle,10,3,44.95153,-93.29733
199,2025-12-29,2,3246 - 6TH ST. N.,McKinley,Camden,4,1,45.01465,-93.28629
200,2025-12-29,2,1536 - 40TH ST E,Bancroft,Powderhorn,8,6,44.93063,-93.25148
201,2025-12-29,2,3028 JAMES AV S,East Bde Maka Ska,Calhoun Isle,10,5,44.9473,-93.30375
202,2025-12-29,2,2826 GIRARD AVE S,Lowry Hill East,Calhoun Isle,10,3,44.95101,-93.29734
203,2025-12-29,2,3012 KNOX AVE S,East Bde Maka Ska,Calhoun Isle,10,5,44.94782,-93.30503
204,2025-12-29,2,1524 SPRUCE PLACE,Loring Park,Central,7,3,44.96712,-93.28101
205,2025-12-29,2,2816 GIRARD AVE S,Lowry Hill East,Calhoun Isle,10,3,44.95153,-93.29733
206,2025-12-29,2,1526 SPRUCE PLACE,Loring Park,Central,7,3,44.9669,-93.28056
207,2025-12-29,2,3044 JAMES AVE S,East Bde Maka Ska,Calhoun Isle,10,5,44.94679,-93.30376
208,2025-12-29,2,2814 GIRARD AVE S,Lowry Hill East,Calhoun Isle,10,3,44.95153,-93.29733
209,2025-12-29,2,1512 MAIN ST NE,,,0,0,45.19659,-93.23075
210,2025-12-29,2,3342 6TH ST N,McKinley,Camden,4,1,45.01626,-93.28605
211,2025-12-29,2,3736 - 6TH ST. N.,McKinley,Camden,4,1,45.02282,-93.28634
212,2025-12-29,2,1022 - 15TH AVE SE,Como,University,1,4,44.98847,-93.23037
213,2025-12-29,2,3326 - 6TH ST N,McKinley,Camden,4,1,45.01577,-93.28605
214,2025-12-29,2,1924 PILLSBURY AVE,Steven's Square - Loring Heights,Central,7,3,44.96324,-93.28101
215,2025-12-29,2,908 WASHBURN AVE N,Willard - Hay,Near North,5,1,44.98735,-93.31691
216,2025-12-29,2,3738 6TH ST N,McKinley,Camden,4,1,45.02285,-93.28634
217,2025-12-29,2,1848 - 40TH ST E,Standish,Powderhorn,12,6,44.93065,-93.24585
218,2025-12-29,2,1514- 39TH ST E,Bancroft,Powderhorn,8,6,44.93247,-93.25331
219,2025-12-29,2,3104 HUMBOLDT AVE S,East Bde Maka Ska,Calhoun Isle,10,5,44.94626,-93.30122
220,2025-12-29,2,3116 LONGFELLOW AVE S,Corcoran,Powderhorn,9,6,44.94585,-93.24649
221,2025-12-29,2,2424 GRAND AT NE,Bottineau,Northeast,1,2,45.01236,-93.2703
222,2025-12-29,2,3810 - 6TH ST N,Webber - Camden,Camden,4,1,45.02427,-93.2861
223,2025-12-29,2,2830 GIRARD AVE S,Lowry Hill East,Calhoun Isle,10,3,44.95095,-93.29735
224,2025-12-29,2,3104 PLEASANT AVE S,Lyndale,Powderhorn,8,5,44.94626,-93.28341
225,2025-12-29,2,3020 LONGFELLOW AVE S,Corcoran,Powderhorn,9,6,44.94754,-93.24648
226,2025-12-29,2,2740 GIRARD AVE S,Lowry Hill East,Calhoun Isle,10,3,44.95236,-93.29734
227,2025-12-29,2,1402 GRAND ST NE,Sheridan,Northeast,3,2,45.00181,-93.26964
228,2025-12-29,2,1828 BRYANT AVE N,Near - North,Near North,5,1,44.99832,-93.29058
229,2025-12-29,2,3036 JAMES AVE S,East Bde Maka Ska,Calhoun Isle,10,5,44.94704,-93.30376
230,2025-12-29,2,3904 6TH ST N,Webber - Camden,Camden,4,1,45.02591,-93.28636
231,2025-12-29,2,1528 SPRUCE PL,Loring Park,Central,7,3,44.96704,-93.28101
232,2025-12-29,2,3108 JAMES AVE S,East Bde Maka Ska,Calhoun Isle,10,5,44.94616,-93.30378
233,2025-12-29,2,2738 GIRARD AVE S,Lowry Hill East,Calhoun Isle,10,3,44.95248,-93.29727
234,2025-12-29,2,1518 SPRUCE PLAXE,Loring Park,Central,7,3,44.96699,-93.28122
235,2025-12-29,2,3024 - 19TH AVE S,Corcoran,Powderhorn,9,6,44.94737,-93.24523
236,2025-12-29,2,1834 IRVING AVE N,Near - North,Near North,5,1,44.99844,-93.29907
237,2025-12-29,2,2216 TALMAGE AVE SE,Como,University,1,4,44.98956,-93.22126
238,2025-12-29,2,2410 GRAND ST NE,Bottineau,Northeast,1,2,45.01238,-93.27049
239,2025-12-29,2,118 18TH ST E,Steven's Square - Loring Heights,Central,6,3,44.96533,-93.27558
240,2025-12-29,2,3028 - 19TH AVE S,Corcoran,Powderhorn,9,6,44.94765,-93.24513
241,2025-12-29,2,1548 - 40TH ST E,Bancroft,Powderhorn,8,6,44.93063,-93.25149
242,2025-12-29,2,1618 GIRARD AVE N,Near - North,Near North,5,1,44.9959,-93.29675
243,2025-12-29,2,2718 GIRARD AVE S,Lowry Hill East,Calhoun Isle,10,3,44.95332,-93.29717
244,2025-12-29,2,3928 - 6TH ST N,Webber - Camden,Camden,4,1,45.0262,-93.28637
245,2025-12-29,2,1826 GIRARD AVE. N.,Near - North,Near North,5,1,44.99776,-93.29698
246,2025-12-29,2,3952 - 6TH ST N,Webber - Camden,Camden,4,1,45.0265,-93.28637
247,2025-12-29,2,1516 - 39TH ST E,Bancroft,Powderhorn,8,6,44.93247,-93.25329
248,2025-12-29,2,1706 TALMAGE AVE SE,Como,University,1,4,44.9895,-93.22786
249,2025-12-29,2,3134 LONGFELLOW AVE S,Corcoran,Powderhorn,9,6,44.94533,-93.2463
250,2025-12-29,2,3626 - 4TH ST N,McKinley,Camden,4,1,45.02109,-93.28455
251,2025-12-29,2,1326 MAIN ST NE,Sheridan,Northeast,3,2,45.00165,-93.2681
252,2025-12-29,2,3306 GIRARD AVE S,South Uptown,Calhoun Isle,10,5,44.94261,-93.29726
253,2025-12-29,2,2706 GIRARD AV S,Lowry Hill East,Calhoun Isle,10,3,44.95342,-93.29717
254,2025-12-29,2,3114 HOLMES AV S,East Bde Maka Ska,Calhoun Isle,10,5,44.94597,-93.29977
255,2025-12-29,2,3136 LONGFELLOW AVE S,Corcoran,Powderhorn,9,6,44.94517,-93.24648
256,2025-12-29,2,1622 GIRARD AVE N,Near - North,Near North,5,1,44.99603,-93.29675
257,2025-12-29,2,2812 GIRARD AVE S,Lowry Hill East,Calhoun Isle,10,3,44.95153,-93.29733
258,2025-12-29,2,2700 GIRARD AVE S,Lowry Hill East,Calhoun Isle,10,3,44.95359,-93.29717
259,2025-12-29,2,210 - 18TH ST E,Steven's Square - Loring Heights,Central,6,3,44.96534,-93.27381
260,2025-12-29,2,3036 LONGFELLOW AVE S,Corcoran,Powderhorn,9,6,44.94696,-93.24649
261,2025-12-29,2,2720 EMERSON AVE S,Lowry Hill East,Calhoun Isle,10,3,44.95305,-93.29478
262,2025-12-29,2,3004 LONGFELLOW AVE S,Corcoran,Powderhorn,9,6,44.94818,-93.24632
263,2025-12-29,2,3120 HUMBOLDT AVE S,East Bde Maka Ska,Calhoun Isle,10,5,44.94576,-93.30122
264,2025-12-29,2,116 - 19TH ST E,Steven's Square - Loring Heights,Central,6,3,44.96407,-93.27577
265,2025-12-29,2,1714 TALMAGE AVE SE,Como,University,1,4,44.9895,-93.22758
266,2025-12-29,2,1136 IRVING AVE.N,Near - North,Near North,5,1,44.98947,-93.29974
267,2025-12-29,2,1108 JAMES AVE N,Near - North,Near North,5,1,44.98917,-93.30051
268,2025-12-29,2,3620 ALDRICH AVE N,McKinley,Camden,4,1,45.02098,-93.2891
269,2025-12-29,2,116 - 19TH ST E,Steven's Square - Loring Heights,Central,6,3,44.96407,-93.27577
270,2025-12-29,2,1020 - 17TH AVE SE,Como,University,1,4,44.9885,-93.22799
271,2025-12-29,2,2304 ALDRICH AVE N,Hawthorne,Near North,5,1,45.00274,-93.28933
272,2025-12-29,2,2638 UPTON AVE N,Willard - Hay,Near North,4,1,45.00715,-93.31423
273,2025-12-29,2,2736 GIRARD AVE S,Lowry Hill East,Calhoun Isle,10,3,44.95306,-93.29717
274,2025-12-29,2,2838 FREMONT AV S,Lowry Hill East,Calhoun Isle,10,3,44.95082,-93.2963
275,2025-12-29,2,3202 GIRARD AVE S,South Uptown,Calhoun Isle,10,5,44.94455,-93.29725
276,2025-12-29,2,3114 HUMBOLDT AVE S,East Bde Maka Ska,Calhoun Isle,10,5,44.94596,-93.30104
277,2025-12-29,2,2648 FREMONT AVE S,Lowry Hill East,Calhoun Isle,10,3,44.95465,-93.29588
278,2025-12-29,2,1210 IRVING AVE N,Near - North,Near North,5,1,44.99051,-93.29908
279,2025-12-29,2,2730 GIRARD AVE S,Lowry Hill East,Calhoun Isle,10,3,44.95314,-93.29717
280,2025-12-29,2,2006 FREMONT AVE S,Lowry Hill,Calhoun Isle,7,3,44.96241,-93.29599
281,2025-12-29,2,3116 GIRARD AVE S,South Uptown,Calhoun Isle,10,5,44.94595,-93.29739
282,2025-12-29,2,1324 JAMES AVENUE NORTH,Near - North,Near North,5,1,44.99239,-93.30033
283,2025-12-29,2,2702 FREMONT AVE S,Lowry Hill East,Calhoun Isle,10,3,44.95356,-93.29588
284,2025-12-29,2,1926 - 37TH ST E,Standish,Powderhorn,12,6,44.93603,-93.24449
285,2025-12-29,2,1312 JAMES AVE N,Near - North,Near North,5,1,44.99172,-93.30049
286,2025-12-29,2,2818 FREMONT AVE S,Lowry Hill East,Calhoun Isle,10,3,44.95164,-93.29591
287,2025-12-29,2,2802 FREMONT AVE S,Lowry Hill East,Calhoun Isle,10,3,44.95178,-93.29597
288,2025-12-29,2,1808 TALMAGE AVE SE,Como,University,1,4,44.9895,-93.22668
289,2025-12-29,2,3450 - 21ST AVE S,Corcoran,Powderhorn,9,6,44.93974,-93.24265
290,2025-12-29,2,2812 FREMONT AV S,Lowry Hill East,Calhoun Isle,10,3,44.95141,-93.29606
291,2025-12-29,2,1622 - 3RD ST NE,Sheridan,Northeast,3,2,45.00493,-93.26503
292,2025-12-29,2,3102 FREMONT AVE S,South Uptown,Calhoun Isle,10,5,44.94641,-93.29595
293,2025-12-29,2,1130 - 3RD ST NE,Sheridan,Northeast,3,2,44.99911,-93.2648
294,2025-12-29,2,2818 ALDRICH AVE N,Hawthorne,Near North,5,1,45.00913,-93.2889
295,2025-12-29,2,2716 UPTON AVE N,Willard - Hay,Near North,4,1,45.00805,-93.31439
296,2025-12-29,2,2702 ALDRICH AVE N,Hawthorne,Near North,5,1,45.00787,-93.28908
297,2025-12-29,2,1320 SHERIDAN AVE. N.,Willard - Hay,Near North,5,1,44.99228,-93.31169
298,2025-12-29,2,1236 THOMAS AVE N,Willard - Hay,Near North,5,1,44.99077,-93.31317
299,2025-12-29,2,2310 FREMONT AVE S,East Isles,Calhoun Isle,7,3,44.95966,-93.29581
300,2025-12-29,2,1904 MORGAN AVE N,Willard - Hay,Near North,5,1,44.99893,-93.30424
301,2025-12-29,2,2630 FREMONT AVE S,Lowry Hill East,Calhoun Isle,10,3,44.95435,-93.29588
302,2025-12-29,2,2746 FREMONT AVE S,Lowry Hill East,Calhoun Isle,10,3,44.95235,-93.29597
303,2025-12-29,2,2820 FREMONT AVE S,Lowry Hill East,Calhoun Isle,10,3,44.95162,-93.29591
304,2025-12-29,2,1932 MORGAN AVE N,Willard - Hay,Near North,5,1,44.9992,-93.30424
305,2025-12-29,2,2822 FREMONT AVE S,Lowry Hill East,Calhoun Isle,10,3,44.95114,-93.29607
306,2025-12-29,2,2632 FREMONT AVE S,Lowry Hill East,Calhoun Isle,10,3,44.95428,-93.29588
307,2025-12-29,2,1108 - 25TH AVE SE,Como,University,1,4,44.9913,-93.21732
308,2025-12-29,2,1006- 25TH AVE SE,Como,University,1,4,44.98813,-93.21754
309,2025-12-29,2,1918 MORGAN AVE N,Willard - Hay,Near North,5,1,44.99937,-93.30404
310,2025-12-29,2,3128 - 22ND AVE S,Corcoran,Powderhorn,9,6,44.9457,-93.24111
311,2025-12-29,2,2754 EMERSON AV S,Lowry Hill East,Calhoun Isle,10,3,44.95275,-93.29461
312,2025-12-29,2,3142 22ND AVE S,Corcoran,Powderhorn,9,6,44.94527,-93.24111
313,2025-12-29,2,3246 FREMONT AVE S,South Uptown,Calhoun Isle,10,5,44.94322,-93.29599
314,2025-12-29,2,3136 DUPONT AVE S,South Uptown,Calhoun Isle,10,5,44.94526,-93.29357
315,2025-12-29,2,1528 SHERIDAN AVE N,Willard - Hay,Near North,5,1,44.99499,-93.31187
316,2025-12-29,2,3112 HOLMES AVE,East Bde Maka Ska,Calhoun Isle,10,5,44.94602,-93.29995
317,2025-12-29,2,1612 SHERIDAN AVE N,Willard - Hay,Near North,5,1,44.9956,-93.31187
318,2025-12-29,2,3108 EMERSON AVE S,South Uptown,Calhoun Isle,10,5,44.94615,-93.29484
319,2025-12-29,2,1822 THOMAS AVE N,Willard - Hay,Near North,5,1,44.99802,-93.31313
320,2025-12-29,2,3104 DUPONT AVE S,South Uptown,Calhoun Isle,10,5,44.94629,-93.29356
321,2025-12-29,2,4014 - 20TH AVE S,Standish,Powderhorn,12,6,44.92998,-93.24372
322,2025-12-29,2,202 - 16TH AVE NE,Sheridan,Northeast,3,2,45.00406,-93.26591
323,2025-12-29,2,226 - 12TH AVE NE,Sheridan,Northeast,3,2,44.99961,-93.26491
324,2025-12-29,2,4454 - 16TH AVE S,Northrop,Nokomis,11,6,44.92235,-93.25132
325,2025-12-29,2,2728 EMERSON AVE S,Lowry Hill East,Calhoun Isle,10,3,44.95285,-93.29478
326,2025-12-29,2,914 LOGAN AVE N,Near - North,Near North,5,1,44.98743,-93.30285
327,2025-12-29,2,2800 FREMONT AVE S,Lowry Hill East,Calhoun Isle,10,3,44.95178,-93.29597
328,2025-12-29,2,1924 EMERSON AVE S,Lowry Hill,Calhoun Isle,7,3,44.96349,-93.29472
329,2025-12-29,2,3022 - 19TH AVE S,Corcoran,Powderhorn,9,6,44.94747,-93.24523
330,2025-12-29,2,1206 MORGAN AVE N,Near - North,Near North,5,1,44.99001,-93.30411
331,2025-12-29,2,3420 COLFAX AVE S,South Uptown,Calhoun Isle,10,5,44.94059,-93.29219
332,2025-12-29,2,2614 FREMONT AVE S,Lowry Hill East,Calhoun Isle,10,3,44.95491,-93.29587
333,2025-12-29,2,3704 LONGFELLOW AVE S,Standish,Powderhorn,12,6,44.93567,-93.24641
334,2025-12-29,2,2220 - 32ND ST E,Corcoran,Powderhorn,9,6,44.94486,-93.24024
335,2025-12-29,2,3208 EMERSON AVE S,South Uptown,Calhoun Isle,10,5,44.94436,-93.2947
336,2025-12-29,2,3406 COLFAX AVE S,South Uptown,Calhoun Isle,10,5,44.94103,-93.29235
337,2025-12-29,2,2706 DUPONT AVE S,Lowry Hill East,Calhoun Isle,10,3,44.95348,-93.29352
338,2025-12-29,2,3208 -- 21ST AVE S,Corcoran,Powderhorn,9,6,44.9443,-93.24269
339,2025-12-29,2,1824 THOMAS AVE N,Willard - Hay,Near North,5,1,44.99804,-93.31313
340,2025-12-29,2,3122 GIRARD AVE S,South Uptown,Calhoun Isle,10,5,44.94575,-93.29725
341,2025-12-29,2,1006 LOGAN AVE N,Near - North,Near North,5,1,44.98815,-93.30294
342,2025-12-29,2,922 MORGAN AVE N,Near - North,Near North,5,1,44.9876,-93.30412
343,2025-12-29,2,3212 GIRARD AVE N,Folwell,Camden,4,1,45.0133,-93.29666
344,2025-12-29,2,3858 ALDRICH AVE N,Webber - Camden,Camden,4,1,45.02561,-93.28897
345,2025-12-29,2,1030 MORGAN AVE N,Near - North,Near North,5,1,44.98884,-93.30411
346,2025-12-29,2,704 8TH AVE SE,Marcy Holmes,University,3,4,44.98681,-93.24151
347,2025-12-30,3,3455 - 4TH ST N,McKinley,Camden,4,1,45.01825,-93.28539
348,2025-12-30,3,3419 - 4TH ST N,McKinley,Camden,4,1,45.01726,-93.28538
349,2025-12-30,3,2833 GIRARD AVE S,Lowry Hill East,Calhoun Isle,10,3,44.95141,-93.2968
350,2025-12-30,3,2803 GIRARD AVE S,Lowry Hill East,Calhoun Isle,10,3,44.95177,-93.29681
351,2025-12-30,3,2809 GIRARD AVE S,Lowry Hill East,Calhoun Isle,10,3,44.95153,-93.2966
352,2025-12-30,3,2817 GIRARD AV S,Lowry Hill East,Calhoun Isle,10,3,44.95136,-93.29661
353,2025-12-30,3,3005 - 4TH ST N,Hawthorne,Near North,5,1,45.01089,-93.28509
354,2025-12-30,3,2301 - 4TH ST N,Hawthorne,Near North,5,1,45.00279,-93.28517
355,2025-12-30,3,4215 - 1ST AVE. S,King Field,Southwest,8,5,44.92629,-93.27626
356,2025-12-30,3,2507 - 4TH ST N,Hawthorne,Near North,5,1,45.00505,-93.28534
357,2025-12-30,3,2121 - 6TH ST N,Hawthorne,Near North,5,1,45.00094,-93.28666
358,2025-12-30,3,2913 - 4TH ST N,Hawthorne,Near North,5,1,45.00998,-93.28533
359,2025-12-30,3,2741 GIRARD AVE S,Lowry Hill East,Calhoun Isle,10,3,44.95236,-93.29675
360,2025-12-30,3,3219 - 3RD ST. N.,McKinley,Camden,4,1,45.0138,-93.28368
361,2025-12-30,3,2401 - 6TH ST N,Hawthorne,Near North,5,1,45.00382,-93.28676
362,2025-12-30,3,2409 - 6TH ST N,Hawthorne,Near North,5,1,45.00406,-93.28688
363,2025-12-30,3,2737 GIRARD AV S,Lowry Hill East,Calhoun Isle,10,3,44.95244,-93.29679
364,2025-12-30,3,2719 GIRARD AVE S,Lowry Hill East,Calhoun Isle,10,3,44.95312,-93.29679
365,2025-12-30,3,2837 GIRARD AVE S,Lowry Hill East,Calhoun Isle,10,3,44.95136,-93.2968
366,2025-12-30,3,2823 GIRARD AVE S,Lowry Hill East,Calhoun Isle,10,3,44.95153,-93.2968
367,2025-12-30,3,2715 GIRARD AVE S,Lowry Hill East,Calhoun Isle,10,3,44.95321,-93.2966
368,2025-12-30,3,1207 HUMBOLDT AVE N,Near - North,Near North,5,1,44.99041,-93.29858
369,2025-12-30,3,1411 - 11TH AVE N,Near - North,Near North,5,1,44.98882,-93.29846
370,2025-12-30,3,3511 - 6TH ST N,McKinley,Camden,4,1,45.01886,-93.28692
371,2025-12-30,3,2827 GIRARD AVE S,Lowry Hill East,Calhoun Isle,10,3,44.95148,-93.2968
372,2025-12-30,3,2707 GIRARD AVE S,Lowry Hill East,Calhoun Isle,10,3,44.95346,-93.2966
373,2025-12-30,3,1411 GRAND ST NE,Sheridan,Northeast,3,2,45.00214,-93.26927
374,2025-12-30,3,607 W 32ND ST,Lyndale,Powderhorn,8,5,44.9446,-93.28693
375,2025-12-30,3,4245 - 14TH AVE S,Northrop,Nokomis,8,6,44.92546,-93.25474
376,2025-12-30,3,3745 - 13TH AVE S,Powderhorn Park,Powderhorn,9,6,44.93435,-93.25597
377,2025-12-30,3,1701 - 3RD ST NE,Bottineau,Northeast,1,2,45.00542,-93.26443
378,2025-12-30,3,2703 FREMONT AVE S,Lowry Hill East,Calhoun Isle,10,3,44.95355,-93.2955
379,2025-12-30,3,1929 GRAND ST NE,Bottineau,Northeast,1,2,45.00792,-93.26968
380,2025-12-30,3,1051- 16TH AVE SE,Como,University,1,4,44.98926,-93.22986
381,2025-12-30,3,2733 GIRARD AVE S,Lowry Hill East,Calhoun Isle,10,3,44.95278,-93.29679
382,2025-12-30,3,1813 DUPONT AVE N,Near - North,Near North,5,1,44.99764,-93.29276
383,2025-12-30,3,2805 GIRARD AVE S,Lowry Hill East,Calhoun Isle,10,3,44.95175,-93.29681
384,2025-12-30,3,2757 FREMONT AVE S,Lowry Hill East,Calhoun Isle,10,3,44.95248,-93.29543
385,2025-12-30,3,2915 - 4TH ST N,Hawthorne,Near North,5,1,45.01012,-93.28534
386,2025-12-30,3,2709 GIRARD AVE S,Lowry Hill East,Calhoun Isle,10,3,44.95334,-93.2966
387,2025-12-30,3,3803 - 6TH ST N,Webber - Camden,Camden,4,1,45.0241,-93.28673
388,2025-12-30,3,1825 BRYANT AVE N,Near - North,Near North,5,1,44.9984,-93.29148
389,2025-12-30,3,1433 W 32ND ST,East Bde Maka Ska,Calhoun Isle,10,5,44.94452,-93.29883
390,2025-12-30,3,717 SHERIDAN AVE N,Willard - Hay,Near North,5,1,44.98583,-93.3123
391,2025-12-30,3,3739 - 10TH AVE S,Powderhorn Park,Powderhorn,9,6,44.93479,-93.25977
392,2025-12-30,3,1529 - 33RD ST W,East Bde Maka Ska,Calhoun Isle,10,5,44.94301,-93.3012
393,2025-12-30,3,1421 UPTON AVE. N.,Willard - Hay,Near North,5,1,44.99373,-93.31481
394,2025-12-30,3,2715 FREMONT AVE S,Lowry Hill East,Calhoun Isle,10,3,44.95338,-93.2955
395,2025-12-30,3,1405 GRAND ST NE,Sheridan,Northeast,3,2,45.00197,-93.26915
396,2025-12-30,3,307 HOLMES AVE,East Bde Maka Ska,Calhoun Isle,10,5,44.94212,-93.29961
397,2025-12-30,3,1823 BRYANT AVE N,Near - North,Near North,5,1,44.99814,-93.29145
398,2025-12-30,3,1801- 8TH AVE N,Near - North,Near North,5,1,44.98595,-93.3036
399,2025-12-30,3,1505 - 37TH ST E,Powderhorn Park,Powderhorn,9,6,44.93579,-93.25344
400,2025-12-30,3,4239 - 16TH AVE S,Northrop,Nokomis,8,6,44.92544,-93.25076
401,2025-12-30,3,3215 - 16TH AVE. S.,Powderhorn Park,Powderhorn,9,6,44.94438,-93.25102
402,2025-12-30,3,3101 PLEASANT AV S,Lyndale,Powderhorn,8,5,44.94641,-93.28266
403,2025-12-30,3,4315 - 16TH AVE S,Northrop,Nokomis,11,6,44.92457,-93.25076
404,2025-12-30,3,2503 - 8TH AVE N,Willard - Hay,Near North,5,1,44.98597,-93.31232
405,2025-12-30,3,2625 - 8TH AVE N,Willard - Hay,Near North,5,1,44.98599,-93.31371
406,2025-12-30,3,617 THOMAS AVE. N.,Willard - Hay,Near North,5,1,44.98486,-93.31373
407,2025-12-30,3,1233 THOMAS AVE N,Willard - Hay,Near North,5,1,44.99082,-93.31355
408,2025-12-30,3,3227 GIRARD AVE S,South Uptown,Calhoun Isle,10,5,44.94385,-93.29669
409,2025-12-30,3,2725 GIRARD AVE S,Lowry Hill East,Calhoun Isle,10,3,44.95294,-93.29679
410,2025-12-30,3,2507 - 8TH AVE N,Willard - Hay,Near North,5,1,44.98597,-93.31234
411,2025-12-30,3,2717 FREMONT AVE S,Lowry Hill East,Calhoun Isle,10,3,44.95316,-93.29533
412,2025-12-30,3,2805 - 8TH AVE N,Willard - Hay,Near North,5,1,44.986,-93.31617
413,2025-12-30,3,2823 FREMONT AVE S,Lowry Hill East,Calhoun Isle,10,3,44.95176,-93.29552
414,2025-12-30,3,1807 TALMAGE AVE SE,Como,University,1,4,44.98982,-93.22656
415,2025-12-30,3,1305 - 39TH ST E,Bancroft,Powderhorn,8,6,44.93222,-93.25595
416,2025-12-30,3,2203 OAK PARK AVE N,Willard - Hay,Near North,5,1,44.98775,-93.30847
417,2025-12-30,3,4048 - 15TH AVE S,Bancroft,Powderhorn,8,6,44.92915,-93.25384
418,2025-12-30,3,4143 ALDRICH AVE N,Webber - Camden,Camden,4,1,45.0306,-93.28973
419,2025-12-30,3,1731 - 3RD ST NE,Bottineau,Northeast,1,2,45.00627,-93.26419
420,2025-12-30,3,3649- 6TH ST N,McKinley,Camden,4,1,45.02181,-93.28671
421,2025-12-30,3,3111 HOLMES AVE,East Bde Maka Ska,Calhoun Isle,10,5,44.94614,-93.29922
422,2025-12-30,3,3545 - 10TH AVE S,Powderhorn Park,Powderhorn,9,6,44.93877,-93.25982
423,2025-12-30,3,1705 - 3RD ST NE,Bottineau,Northeast,1,2,45.00545,-93.26443
424,2025-12-30,3,3019 PLEASANT AV S,Lyndale,Powderhorn,8,5,44.94754,-93.28254
425,2025-12-30,3,2703 GIRARD AVE S,Lowry Hill East,Calhoun Isle,10,3,44.95342,-93.29661
426,2025-12-30,3,1345 SHERIDAN AVE N,Willard - Hay,Near North,5,1,44.99298,-93.31242
427,2025-12-30,3,3509 DUPONT AVE N,Folwell,Camden,4,1,45.01889,-93.29325
428,2025-12-30,3,3023 PLEASANT AVE,Lyndale,Powderhorn,8,5,44.94741,-93.28255
429,2025-12-30,3,2641 FREMONT AVE S,Lowry Hill East,Calhoun Isle,10,3,44.9541,-93.29533
430,2025-12-30,3,3547 - 10TH AVE S,Powderhorn Park,Powderhorn,9,6,44.93822,-93.25973
431,2025-12-30,3,1315 UPTOWN AVE N,Willard - Hay,Near North,5,1,44.9922,-93.31498
432,2025-12-30,3,1413 UPTOWN AVE N,Willard - Hay,Near North,5,1,44.99363,-93.31481
433,2025-12-30,3,1405 SPRUCE PLACE,Loring Park,Central,7,3,44.96862,-93.28065
434,2025-12-30,3,3031 - 16TH AVE. S.,Powderhorn Park,Powderhorn,9,6,44.94775,-93.25104
435,2025-12-30,3,2527 EMERSON AVE S,Lowry Hill East,Calhoun Isle,10,3,44.95711,-93.2942
436,2025-12-30,3,1707 - 12TH AVE N,Near - North,Near North,5,1,44.98954,-93.30218
437,2025-12-30,3,3047 - 22ND AVE S,Corcoran,Powderhorn,9,6,44.94734,-93.23929
438,2025-12-30,3,2815 FREMONT AVE S,Lowry Hill East,Calhoun Isle,10,3,44.95158,-93.29553
439,2025-12-30,3,2839 FREMONT AVE S,Lowry Hill East,Calhoun Isle,10,3,44.9518,-93.29552
440,2025-12-30,3,3055- 22ND AVE S,Corcoran,Powderhorn,9,6,44.9467,-93.24024
441,2025-12-30,3,2125 ALDRICH AVE N,Hawthorne,Near North,5,1,45.00102,-93.28994
442,2025-12-30,3,3013 PLEASANT AV S,Lyndale,Powderhorn,8,5,44.94802,-93.28284
443,2025-12-30,3,2107 ALDRICH AVE N,Hawthorne,Near North,5,1,45.00051,-93.28983
444,2025-12-30,3,903 - 22ND AVE SE,Como,University,2,4,44.98677,-93.22191
445,2025-12-30,3,923 - 22ND AVE SE,Como,University,2,4,44.98735,-93.22192
446,2025-12-30,3,2121 SHERIDAN AVE. N.,Willard - Hay,Near North,5,1,45.00097,-93.31223
447,2025-12-30,3,47 - 18TH AVE NE,Bottineau,Northeast,1,2,45.00615,-93.27038
448,2025-12-30,3,415 8TH AVE SE,Marcy Holmes,University,3,4,44.98443,-93.24382
449,2025-12-30,3,3105 COLFAX AVE S,South Uptown,Calhoun Isle,10,5,44.94627,-93.29156
450,2025-12-30,3,1231 QUEEN AVE N,Willard - Hay,Near North,5,1,44.99015,-93.3097
451,2025-12-30,3,1811 SHERIDAN AVE N,Willard - Hay,Near North,5,1,44.99803,-93.31241
452,2025-12-30,3,1239 QUEEN AVE N,Willard - Hay,Near North,5,1,44.99076,-93.30988
453,2025-12-30,3,915- 22ND AVE SE,Como,University,2,4,44.98712,-93.22192
454,2025-12-30,3,1255 QUEEN AVE N,Willard - Hay,Near North,5,1,44.9913,-93.30988
455,2025-12-30,3,1829 - 2ND AVE S,Steven's Square - Loring Heights,Central,6,3,44.96431,-93.27365
456,2025-12-30,3,2531 EMERSON AVE S,Lowry Hill East,Calhoun Isle,10,3,44.95634,-93.29404
457,2025-12-30,3,3103 GARFIELD AVE S,Lyndale,Powderhorn,8,5,44.94629,-93.2865
458,2025-12-30,3,1901 - 3RD ST NE,Bottineau,Northeast,1,2,45.00761,-93.26416
459,2025-12-30,3,3105 GARFIELD AVE S,Lyndale,Powderhorn,8,5,44.94628,-93.28649
460,2025-12-30,3,3149- 22ND AVE S,Corcoran,Powderhorn,9,6,44.94516,-93.24018
461,2025-12-30,3,1603 - 6TH ST NE,Sheridan,Northeast,3,2,45.00431,-93.25851
462,2025-12-30,3,3225 - 20TH AVE S,Corcoran,Powderhorn,9,6,44.94384,-93.24322
463,2025-12-30,3,2207 ALDRICH AV N,Hawthorne,Near North,5,1,45.00174,-93.28994
464,2025-12-30,3,2909 BRYANT AVE N,Hawthorne,Near North,5,1,45.00989,-93.29088
465,2025-12-30,3,417 - 8TH AVE SE,Marcy Holmes,University,3,4,44.98446,-93.24398
466,2025-12-30,3,815 - 37TH ST E,Powderhorn Park,Powderhorn,9,6,44.93581,-93.26225
467,2025-12-30,3,3107 COLFAX AVE S,South Uptown,Calhoun Isle,10,5,44.94626,-93.29176
468,2025-12-30,3,2743 FREMONT AV S,Lowry Hill East,Calhoun Isle,10,3,44.95228,-93.29552
469,2025-12-30,3,1347 QUEEN AVE. N.,Willard - Hay,Near North,5,1,44.99307,-93.30985
470,2025-12-30,3,1245 QUEEN AVE N,Willard - Hay,Near North,5,1,44.99093,-93.30987
471,2025-12-30,3,3805 - 10TH AVE S,Bancroft,Powderhorn,8,6,44.93386,-93.2596
472,2025-12-30,3,1251 QUEEN AVE N,Willard - Hay,Near North,5,1,44.9911,-93.30987
473,2025-12-30,3,2841 FREMONT AVE S,Lowry Hill East,Calhoun Isle,10,3,44.95131,-93.29553
474,2025-12-30,3,1243 QUEEN AVE N,Willard - Hay,Near North,5,1,44.99036,-93.3097
475,2025-12-30,3,2605 FREMONT AVE S,Lowry Hill East,Calhoun Isle,10,3,44.95524,-93.29532
476,2025-12-30,3,3101 GARFIELD AVE S,Lyndale,Powderhorn,8,5,44.94643,-93.28657
477,2025-12-30,3,2329 - 36TH ST E,Standish,Powderhorn,12,6,44.93758,-93.23834
478,2025-12-30,3,121 - 10TH AVE NE,St. Anthony West,Northeast,3,2,44.99745,-93.26754
479,2025-12-30,3,1519 QUEEN AVE N,Willard - Hay,Near North,5,1,44.99467,-93.30984
480,2025-12-30,3,2509 - 14TH AVE S,Midtown Phillips,Phillips,9,3,44.95698,-93.25456
481,2025-12-30,3,705 SHERIDAN AVE N,Willard - Hay,Near North,5,1,44.98532,-93.31246
482,2025-12-30,3,1903 - 2ND AVE S,Steven's Square - Loring Heights,Central,6,3,44.96379,-93.27384
483,2025-12-30,3,2439 DUPONT AVE S,Lowry Hill East,Calhoun Isle,10,3,44.95847,-93.29292
484,2025-12-30,3,3009 GARFIELD AV S,Lyndale,Powderhorn,8,5,44.94793,-93.28658
485,2025-12-30,3,2023 QUEEN AVE. N.,Willard - Hay,Near North,5,1,45.00023,-93.30984
486,2025-12-30,3,309 OAK GROVE ST,Loring Park,Central,7,3,44.96678,-93.28312
487,2025-12-30,3,3641- 26TH AVE S,Standish,Powderhorn,12,6,44.93626,-93.23428
488,2025-12-30,3,2619 EMERSON AVE S,Lowry Hill East,Calhoun Isle,10,3,44.95474,-93.29422
489,2025-12-30,3,2529 DUPONT AV S,Lowry Hill East,Calhoun Isle,10,3,44.95641,-93.29277
490,2025-12-30,3,1097 - 22ND AVE SE,Como,University,1,4,44.99088,-93.22189
491,2025-12-30,3,3513 - 22ND AVE S,Corcoran,Powderhorn,9,6,44.93903,-93.24008
492,2025-12-30,3,3025 GARFIELD AVE S,Lyndale,Powderhorn,8,5,44.94743,-93.28647
493,2025-12-30,3,2449 COLFAX AVE S,Lowry Hill East,Calhoun Isle,10,3,44.95747,-93.29147
494,2025-12-30,3,1105 - 22ND AVE SE,Como,University,1,4,44.99114,-93.22189
495,2025-12-30,3,3023 GARFIELD AVE S,Lyndale,Powderhorn,8,5,44.94756,-93.28647
496,2025-12-30,3,1613 MORGAN AVE N,Willard - Hay,Near North,5,1,44.99566,-93.30481
497,2025-12-30,3,3202 GARFIELD AVE S,Lyndale,Powderhorn,8,5,44.94469,-93.28699
498,2025-12-30,3,917 - 22ND AVE SE,Como,University,2,4,44.98724,-93.22192
499,2025-12-30,3,2711 BRYANT AVE N,Hawthorne,Near North,5,1,45.00808,-93.29088
500,2025-12-30,3,221 W 33RD ST,Lyndale,Powderhorn,8,5,44.9427,-93.28237
501,2025-12-30,3,1401 MORGAN AVE N,Willard - Hay,Near North,5,1,44.99321,-93.3048
502,2025-12-30,3,2715 BRYANT AVE N,Hawthorne,Near North,5,1,45.0082,-93.29088
503,2025-12-30,3,1815 MORGAN AVE N,Willard - Hay,Near North,5,1,44.99789,-93.3048
504,2025-12-30,3,805 - 5TH AVE SE,Marcy Holmes,University,3,4,44.98963,-93.24519
505,2025-12-30,3,2801 COLFAX AVE S,Lowry Hill East,Calhoun Isle,10,3,44.9518,-93.2917
506,2025-12-30,3,1831 MORGAN AVE N,Willard - Hay,Near North,5,1,44.99833,-93.30479
507,2025-12-30,3,2317 - 32ND ST E,Corcoran,Powderhorn,9,6,44.94443,-93.23794
508,2025-12-30,3,2617 COLFAX AVE S,Lowry Hill East,Calhoun Isle,10,3,44.95496,-93.29152
509,2025-12-30,3,1337 LOGAN AVE N,Willard - Hay,Near North,5,1,44.99264,-93.30355
510,2025-12-30,3,2329 - 32ND ST E,Corcoran,Powderhorn,9,6,44.94461,-93.23846
511,2025-12-30,3,1309 SPRUCE PLACE,Loring Park,Central,7,3,44.96967,-93.28063
512,2025-12-30,3,1929 - 2ND AVE S,Steven's Square - Loring Heights,Central,6,3,44.96355,-93.27384
513,2025-12-30,3,3417 SNELLING AVE. S.,Howe,Longfellow,9,6,44.94084,-93.23001
514,2025-12-30,3,1915 - 2ND AVE S,Steven's Square - Loring Heights,Central,6,3,44.96374,-93.27388
515,2025-12-30,3,1779 BRYANT AV S,Lowry Hill,Calhoun Isle,7,3,44.96569,-93.29033
516,2025-12-30,3,1327 MADISON ST NE,Logan Park,Northeast,1,2,45.00175,-93.25334
517,2025-12-30,3,1123 KNOX AVE. N.,Near - North,Near North,5,1,44.98951,-93.3023
518,2025-12-30,3,1233 KNOX AVE N,Near - North,Near North,5,1,44.99078,-93.30229
519,2025-12-30,3,1405 MADISON ST NE,Logan Park,Northeast,1,2,45.00221,-93.25334
520,2025-12-30,3,1425 KNOX AVE N,Willard - Hay,Near North,5,1,44.99389,-93.30229
521,2025-12-30,3,1021 KNOX AVE N,Near - North,Near North,5,1,44.9885,-93.30223
522,2025-12-30,3,3019 GARFIELD AVE S,Lyndale,Powderhorn,8,5,44.94744,-93.28664
523,2025-12-30,3,2825 ALDRICH AVE N,Hawthorne,Near North,5,1,45.00934,-93.28943
524,2025-12-30,3,3013 GARFIELD AVE S,Lyndale,Powderhorn,8,5,44.94781,-93.28647
525,2025-12-30,3,3107 ALDRICH AVE S,South Uptown,Calhoun Isle,10,5,44.94587,-93.28921
526,2025-12-30,3,807 - 36TH ST E,Powderhorn Park,Powderhorn,9,6,44.93763,-93.26231
527,2025-12-30,3,711 ADAMS ST NE,St. Anthony East,Northeast,3,2,44.99724,-93.25589
528,2025-12-30,3,621 5TH AVE SE,Marcy Holmes,University,3,4,44.98802,-93.24656
529,2025-12-30,3,2807 ALDRICH AVE N,Hawthorne,Near North,5,1,45.00878,-93.28962
530,2025-12-30,3,3941 - 12TH AVE S,Bancroft,Powderhorn,8,6,44.9311,-93.25706
531,2025-12-30,3,3309 GARFIELD AVE S,Lyndale,Powderhorn,8,5,44.94254,-93.28651
532,2025-12-30,3,2825 COLFAX AVE S,Lowry Hill East,Calhoun Isle,10,3,44.95089,-93.29178
533,2025-12-30,3,147- 18TH ST E,Steven's Square - Loring Heights,Central,6,3,44.96507,-93.27493
534,2025-12-30,3,3113 - 22ND AVE S,Corcoran,Powderhorn,9,6,44.94611,-93.24027
535,2025-12-30,3,2829 COLFAX AVE S,Lowry Hill East,Calhoun Isle,10,3,44.95077,-93.29128
536,2025-12-30,3,3739 SMELLING AVE S,Howe,Longfellow,9,6,44.93488,-93.22573
537,2025-12-30,3,1831 MORGAN AVE N,Willard - Hay,Near North,5,1,44.99833,-93.30479
538,2025-12-30,3,829 THORNTON ST SE,Prospect Park - East River Road,University,2,4,44.96508,-93.21894
539,2025-12-30,3,1203 - 15TH AVE. N.,Near - North,Near North,5,1,44.99401,-93.29588
540,2025-12-30,3,2101 JAMES AVE N,Jordan,Near North,5,1,45.00039,-93.30295
541,2025-12-30,3,831 THRONTON AVE SE,,,0,0,44.85382,-93.24175
542,2025-12-30,3,3011 HARRIET AV S,Lyndale,Powderhorn,8,5,44.94782,-93.28536
543,2025-12-30,3,1823 - 2ND AVE S,Steven's Square - Loring Heights,Central,6,3,44.96431,-93.27365
544,2025-12-30,3,3143 ALDRICH AVE S,South Uptown,Calhoun Isle,10,5,44.94509,-93.28915
545,2025-12-30,3,813 THORNTON ST SE,Prospect Park - East River Road,University,2,4,44.9656,-93.21895
546,2025-12-30,3,1825- 2ND AVE S,Steven's Square - Loring Heights,Central,6,3,44.96431,-93.27365
547,2025-12-30,3,2306 - 32ND ST E,Corcoran,Powderhorn,9,6,44.94488,-93.23868
548,2025-12-30,3,23 OAK GROVE ST,Loring Park,Central,7,3,44.96625,-93.27871
549,2025-12-30,3,3741 - 16TH AVE S,Powderhorn Park,Powderhorn,9,6,44.93471,-93.25078
550,2025-12-30,3,2009 JAMES AVE N,Jordan,Near North,5,1,45.00002,-93.30158
551,2025-12-30,3,1901 CLINTON AVE S,Steven's Square - Loring Heights,Central,6,3,44.9638,-93.27129
552,2025-12-30,3,809 THORNTON ST SE,Prospect Park - East River Road,University,2,4,44.9656,-93.21895
553,2025-12-30,3,1027 - 16TH AVE N,Near - North,Near North,5,1,44.99509,-93.29299
554,2025-12-30,3,3413 - 40TH ST E,Hiawatha,Longfellow,12,6,44.93035,-93.22222
555,2025-12-30,3,1833 IRVING AVE N,Willard - Hay,Near North,5,1,44.99839,-93.29958
556,2025-12-30,3,3247 ALDRICH AVE N,McKinley,Camden,4,1,45.01463,-93.28963
557,2025-12-30,3,4139 SNELLING AVE S,Hiawatha,Longfellow,12,6,44.92766,-93.22048
558,2025-12-30,3,2807 BRYANT AVE S,Lowry Hill East,Calhoun Isle,10,3,44.95173,-93.29043
559,2025-12-30,3,3237 ALDRICH AVE N,McKinley,Camden,4,1,45.01381,-93.28946
560,2025-12-30,3,2405 -14TH AVE. N.,Willard - Hay,Near North,5,1,44.9932,-93.31099
561,2025-12-30,3,1411 - 16TH AVE. N.,Near - North,Near North,5,1,44.99492,-93.29863
562,2025-12-30,3,3005 HARRIET AVE S,Lyndale,Powderhorn,8,5,44.94821,-93.28536
563,2025-12-30,3,117 W 32ND ST,Lyndale,Powderhorn,8,5,44.94453,-93.28065
564,2025-12-30,3,1407 - 16TH AVE N,Near - North,Near North,5,1,44.99491,-93.29845
565,2025-12-30,3,805 THORNTON ST SE,Prospect Park - East River Road,University,2,4,44.96604,-93.21877
566,2025-12-30,3,801 THORNTON AVE SE,,,0,0,44.85382,-93.24176
